{defaults:{gravity:-9.8,friction:0.3,density:2.65,restitution:0.1,num_penguins:2,num_notes:2,snow:[[0,0,0,3,1,3,2,3,3,3,4,3,5,3,6,3,7,3,8,3,9,3,10,3,11,3,12,3,13,3,14,3,15,3,16,3,17,3,18,3,19,3,20,3,21,3,22,3,23,3,24,3,25,3,26,3,26,0],[45,0,45,7,46,7,47,7,48,7,49,7,49,6,50,6,51,6,52,6,53,6,54,6,55,6,56,6,57,6,58,6,59,6,60,6,61,6,62,6,62,0],[26,18,26,10,27,10,28,10,29,10,30,10,31,10,32,10,33,10,34,10,35,10,36,10,37,10,38,10,39,10,40,10,41,10,42,10,43,10,43,18],[0,-2,0,0,320,0,320,-2]]},goal:{pos:[58.2125,6.8375],friction:0.3,density:2.65,restitution:0.1,width:2,height:2},player:{
  "pos": [16, 5.0],
  "shrink": [0.95, 0.7],
  "force": 12.0,
  "damping": 10.0,
  "density": 1.0,
  "friction": 0.0,
  "max_speed": 4.0,
  "restitution": 0,
  "player_jump": 7,
  "jump_cooldown": 30,
  "throw_cooldown": 30,
  "shoot_cooldown": 40,
  "punch_cool": 100,
  "punch_time" : 30,
  "punch_cooldown": 0,
  "max_throw_force": 300,
  "sensor_height" : 0.05,
  "sensor_name": "PlayerGroundSensor",
  "vshrink": 0.25,
  "hshrink": 0.25,
  "sshrink" : 0.6,
  "time_count": 0
},penguins:{pos:[16,5],width:1.3,height:2,force:20,damping:2,density:1,friction:0,max_speed:3,sensor_height:0.05,sensor_name:PenguinGroundSensor,vshrink:0.75,hshrink:0.75,sshrink:0.6},icicles:{pos:[[39.4,9],[35.8,9],[28.2,9],[39.2,9],[35.2,9],[27,9]],layout:[[-0.025,0.025,0.025,0.025,0,-0.072500005],[-0.03125,0.025,0.03125,0.025,0,-0.075],[-0.036250003,0.025,0.036250003,0.025,0,-0.05],[-0.7,1,0.7,1,0,-2.4],[-0.7,1,0.7,1,0,-3.5],[-1,1,1,1,0,-0.3]],density:75,friction:0.5,restitution:0.2},enemy:{pos:[[26.4,0],[40.4,2.6]],range:[50,90],width:1.3,height:2,damping:10,density:1,friction:5,max_speed:5,sensor_height:0.05,sensor_name:MonsterGroundSensor,vshrink:0.25,hshrink:0.25,sshrink:0.6,restitution:0,force:20,is_hor:[false,true]},notes:{pos:[[53.75,11.540626],[31.35,9.340625]],vshrink:0.8,hshrink:0.95},water:{pos:[[35.5,1]],layout:[[19,2]],density:1,friction:0.5,restitution:0.2,force:20},ice:{pos:[[41.9,2.475]],layout:[[200,40]],friction:2,restitution:0.2,pin_radius:0.1,bar_density:3,pin_density:0},floatingIce:{pos:[[34.3,2.475]],layout:[[150,40]],friction:2,restitution:0.2,pin_radius:0.1,bar_density:3,pin_density:0},movingIce:{pos:[],layout:[],friction:2,restitution:0.2,pin_radius:0.1,bar_density:3,pin_density:0,distance:1,speed:0.04}}
